CREATE TABLE CUSTOMER (CNAME VARCHAR(15) PRIMARY KEY ,CITY	VARCHAR(20) NOT NULL );
INSERT INTO CUSTOMER VALUES('SUNIL','DELHI');
INSERT INTO CUSTOMER VALUES('MEHUL','BARODA');
INSERT INTO CUSTOMER VALUES('MANDAR','PATNA');
INSERT INTO CUSTOMER VALUES('MADHURI','NAGPUR');
INSERT INTO CUSTOMER VALUES('PRAMOD',	'NAGPUR');
INSERT INTO CUSTOMER VALUES('SANDIP','SURAT');
INSERT INTO CUSTOMER VALUES('SHIVANI','BOMBAY');
INSERT INTO CUSTOMER VALUES('KRANTI','BOMBAY');
INSERT INTO CUSTOMER VALUES('NAREN','BOMBAY');
      
CREATE TABLE  BRANCH (BNAME VARCHAR(20) PRIMARY KEY,CITY VARCHAR(30) CHECK (CITY IN ('NAGPUR','DELHI','BANGALORE','BOMBAY')) NOT NULL);INSERT INTO BRANCH VALUES('VRCE','NAGPUR');
INSERT INTO BRANCH VALUES('AJNI','NAGPUR');
INSERT INTO BRANCH VALUES('KAROLBAGH','DELHI');
INSERT INTO BRANCH VALUES('CHANDNI'	,'DELHI');
INSERT INTO BRANCH VALUES('DHARAMPETH'	,'NAGPUR');
INSERT INTO BRANCH VALUES('MG ROAD'	,'BANGALORE');
INSERT INTO BRANCH VALUES('ANDHERI',	'BOMBAY');
INSERT INTO BRANCH VALUES('NEHRU PALACE'	,'DELHI');
INSERT INTO BRANCH VALUES('POWAI','BOMBAY');

CREATE TABLE BORROW (LOANNO VARCHAR(8) CHECK (LOANNO LIKE 'L%')  PRIMARY KEY,CNAME VARCHAR(15) REFERENCES CUSTOMER(CNAME) ,BNAME VARCHAR(20) REFERENCES BRANCH(BNAME),AMOUNT FLOAT(8) CHECK (AMOUNT>0) NOT NULL);
INSERT INTO BORROW VALUES('L201',	'ANIL',	'VRCE',	1000.00);
INSERT INTO BORROW VALUES('L206',	'MEHUL',	'AJNI',	5000.00);
INSERT INTO BORROW VALUES('L311',	'SUNIL',	'DHARAMPETH',	3000.00);
INSERT INTO BORROW VALUES('L321',	'MADHURI',	'ANDHERI',	2000.00);
INSERT INTO BORROW VALUES('L371',	'PRAMOD',	'VIRAR',	8000.00);
INSERT INTO BORROW VALUES('L481',	'KRANTI',	'NEHRU PLACE',	3000.00);

CREATE TABLE DEPOSIT (ACTNO	VARCHAR(5) CHECK (ACTNO LIKE 'D%')	PRIMARY KEY ,CNAME VARCHAR(15) REFERENCES CUSTOMER(CNAME) ,BNAME VARCHAR(20) REFERENCES BRANCH(BNAME),AMOUNT FLOAT(8) CHECK (AMOUNT>0) NOT NULL, ADATE DATE);INSERT INTO CUSTOMER VALUES('ANIL','CALCUTTA');
INSERT INTO DEPOSIT VALUES('D100','ANIL','VRCE',	1000.00	,'1995-03-01');
INSERT INTO DEPOSIT VALUES('D101','SUNIL','ANJNI',500.00,'1996-01-04');
INSERT INTO DEPOSIT VALUES('D102','MEHUL','KAROLBAGH',3500.00,'1995-11-17');
INSERT INTO DEPOSIT VALUES('D104','MADHURI','CHANDNI',1200.00,'1995-12-17');
INSERT INTO DEPOSIT VALUES('D105','PRAMOD'	,'MG ROAD'	,3000.00,'1996-03-27');
INSERT INTO DEPOSIT VALUES('D106','SANDIP	','ANDHERI',2000.00,'1996-03-31');
INSERT INTO DEPOSIT VALUES('D107'	,'SHIVANI'	,'VIRAR',1000.00,'1995-09-05');
INSERT INTO DEPOSIT VALUES('D108'	,'KRANTI',	'NEHRU PLACE',5000.00,'1995-07-02');
INSERT INTO DEPOSIT VALUES('D109'	,'MINU',	'POWAI'	,7000.00,'1995-08-10');

SELECT*FROM DEPOSIT;
SELECT*FROM BORROW;
SELECT*FROM CUSTOMER;
SELECT*FROM BRANCH;

SELECT ACTNO,AMOUNT FROM DEPOSIT;
SELECT CNAME,ACTNO FROM DEPOSIT;
SELECT CNAME FROM CUSTOMER;
SELECT BNAME FROM BRANCH;
SELECT CNAME FROM BORROW;
SELECT CNAME FROM CUSTOMER WHERE CITY='NAGPUR';
SELECT CNAME FROM DEPOSIT WHERE AMOUNT>4000;
SELECT ADATE FROM DEPOSIT WHERE CNAME='ANIL';
SELECT BNAME FROM BRANCH WHERE CITY='BOMBAY';
SELECT CNAME FROM BORROW WHERE LOANNO='L205';
SELECT CNAME FROM DEPOSIT WHERE BNAME='VRCE';
SELECT BNAME FROM BRANCH WHERE CITY='DELHI';
SELECT CNAME FROM DEPOSIT WHERE ADATE='1996-12-01';
SELECT ACTNO,AMOUNT FROM DEPOSIT WHERE ADATE BETWEEN '1996-12-01' AND '1996-05-01';
SELECT CITY FROM BRANCH WHERE BNAME='KAROLBAGH';
SELECT * FROM CUSTOMER JOIN BORROW ON CUSTOMER.CNAME=BORROW.CNAME JOIN DEPOSIT ON DEPOSIT.CNAME=BORROW.CNAME WHERE CUSTOMER.CNAME='ANIL';


CREATE TABLE EMP(EMPNO INT(4) PRIMARY KEY, ENAME CHAR(10), HIREDATE DATE, SALARY INT(5), COMMISSION INT(5));
INSERT INTO EMP(EMPNO,ENAME,HIREDATE,SALARY) VALUES(101,'RAMESH','1980-01-17',5000);
INSERT INTO EMP(EMPNO,ENAME,HIREDATE,SALARY,COMMISSION) VALUES(102,'AJAY','1985-07-05',5000,500);
INSERT INTO EMP(EMPNO,ENAME,HIREDATE,SALARY) VALUES(103,'RAVI','1981-08-12',1500);
INSERT INTO EMP(EMPNO,ENAME,HIREDATE,SALARY,COMMISSION) VALUES(104,'Nikesh','1983-03-03',3000,700);
INSERT INTO EMP(EMPNO,ENAME,HIREDATE,SALARY) VALUES(105,'Ravi','1985-07-05',3000);
ALTER TABLE EMP ADD SAL INT;
ALTER TABLE EMP DROP COLUMN SAL;
ALTER TABLE EMP MODIFY ENAME VARCHAR(15);
RENAME TABLE EMP to EMP1;
TRUNCATE TABLE EMP1;
DROP TABLE EMP1;

CREATE TABLE STUD(SNAME VARCHAR(20) PRIMARY KEY, ROLLNO INT NOT NULL, DOB date NOT NULL);
SELECT * FROM STUD;

CREATE TABLE STUDENT(REGNO INT, MARK INT CONSTRAINT B CHECK (MARK >=0 AND MARK <=100));
SELECT * FROM STUDENT;
ALTER TABLE STUDENT ADD REGNO CHECK(LENGTH(REGNO<=4));

CREATE TABLE CUST(CUSTID INT UNIQUE, NAME CHAR(10));

